{"cameraMode":{"drawMode":0,"name":"Shaded","section":"Shading Mode"},"sceneLighting":true,"audioPlay":false,"sceneViewState":{"m_AlwaysRefresh":false,"showFog":true,"showSkybox":true,"showFlares":true,"showImageEffects":true,"showParticleSystems":true,"showVisualEffectGraphs":true,"m_FxEnabled":true},"in2DMode":false,"pivot":{"x":23.067867279052736,"y":-1.5414416790008546,"z":7.219088077545166},"rotation":{"x":0.03123306669294834,"y":0.8024792075157166,"z":-0.04216892644762993,"w":0.5943686366081238},"size":12.12435531616211,"orthographic":false}